flours,sugars,fats,eggs ,dairy,chocolates,fruits,vegetables,nuts and seeds,spices and flavorings,sweeteners,leaveners,grains and cereals
all-purpose flour,brown_sugar,butter,egg whites,buttermilk,bittersweet chocolate,apple,bell_pepper,almonds,allspice,corn syrup,baking powder,rice
almond flour,confectioners sugar,canola oil,egg yolks,cheese,chocolate chips,apricots,carrot,cashews,almond extract,honey,baking_soda,
cake flour,granulated sugar,coconut oil,egg,cream cheese,cocoa powder,avocado,chickpeas,chestnuts,brandy,jam,yeast,
cornmeal,raw sugar,duck fat,,goat cheese,semisweet chocolate,banana,corn,hazelnut,cinnamon,marmalade,,
gluten-free flour,sugar cubes,grapeseed oil,,goat's milk,unsweetened chocolate,blackberries,dates,macadamia,cloves,molasses,,
matzo cake meal,superfine sugar,margarine,,heavy cream,white chocolate,blueberries,figs,peanuts,coconut extract,,,
matzo meal,white_sugar,olive oil,,mascarpone,,cherries,garlic,pecan,ginger,,,
oats,,shortening,,milk,,cranberries,kumquats,pistachio,instant espresso powder,,,
potato starch,,vegetable oil,,mozzarella,,dried_currant,lettuce,poppy seeds,lemon zest,,,
rice_flour,,oil,,sour cream,,dried_figs,onion,walnut,lime zest,,,
self-rising flour,,,,yogurt,,grapefruit,potato,,liqueurs,,,
semolina,,,,,,grapes,prunes,,nutmeg,,,
wheat_flour,,,,,,kiwi,pumpkin,,orange zest,,,
flour,,,,,,lemon,sweet_potato,,paprika,,,
,,,,,,lime,tomato,,rum,,,
,,,,,,mandarin,turnip,,salt,,,
,,,,,,mango,zucchini,,vanilla,,,
,,,,,,orange,,,,,,
,,,,,,papaya,,,,,,
,,,,,,pear,,,,,,
,,,,,,pineapple,,,,,,
,,,,,,plums,,,,,,
,,,,,,pomegranate,,,,,,
,,,,,,raspberries,,,,,,
,,,,,,strawberries,,,,,,
,,,,,,watermelon,,,,,,
,,,,,,strawberry,,,,,,
,,,,,,blueberry,,,,,,
